sexe;dob;photo;ville;taille;nom;prénom;numero
men;2022-04-14;https://www.google.com/url?sa=i&url=https%3A%2F%2Fm.facebook.com%2FTizio-Chad-dice-cose-826968811009943%2Fcommunity%3Flocale2%3Dfr_FR&psig=AOvVaw3DC4tCb9nFD-6wPZbEXN3D&ust=1649250418616000&source=images&cd=vfe&ved=0CAoQjRxqFwoTCMihpOL-_PYCFQAAAAAdAAAAABAD;Tamere;180
men;2022-04-07;https://www.google.com/url?sa=i&url=https%3A%2F%2Fm.facebook.com%2FTizio-Chad-dice-cose-826968811009943%2Fcommunity%3Flocale2%3Dfr_FR&psig=AOvVaw3DC4tCb9nFD-6wPZbEXN3D&ust=1649250418616000&source=images&cd=vfe&ved=0CAoQjRxqFwoTCMihpOL-_PYCFQAAAAAdAAAAABAD;grgehe;180
m;2022-04-13;https://pbs.twimg.com/media/FM4facvX0AETdzU.jpg;"EPINAY SOUS SENART";180
m;2022-04-13;https://pbs.twimg.com/media/FM4facvX0AETdzU.jpg;"EPINAY SOUS SENART";180
m;2022-04-06;https://pbs.twimg.com/media/FM4facvX0AETdzU.jpg;"EPINAY SOUS SENART";180
f;2022-04-06;https://pbs.twimg.com/media/FM4facvX0AETdzU.jpg;"EPINAY SOUS SENART";180;eros
m;2022-04-06;https://pbs.twimg.com/media/FM4facvX0AETdzU.jpg;"EPINAY SOUS SENART";180;n;ruaraidh
m;2022-03-31;https://pd.com;Paris;188;KARASINSKI;fingal;35933493
m;2022-03-31;https://jsp.com;Paris;188;"MOUSSA SANZE";temujin;94322612
m;2022-04-20;https://image-uniservice.linternaute.com/image/450/4/1272936302/2442461.jpg;test;180;BEGO;muhammed
m;2022-04-15;https://www.netcost-security.fr/wp-content/uploads/2021/11/1636044306_Lhistoire-de-GigaChad-lultra-masculin-mi-meme-mi-legende-urbaine.jpg;Paris;188;VARRAULT;zahir;16625733
f;2022-04-11;https://www.netcost-security.fr/wp-content/uploads/2021/11/1636044306_Lhistoire-de-GigaChad-lultra-masculin-mi-meme-mi-legende-urbaine.jpg;bordeaux;170;"DI ROIO";lorita;3887439399471
m;2018-02-14;https://fr.web.img6.acsta.net/pictures/19/02/21/10/42/0074317.jpg;Paris;180;GOUANEAU;sawyl;401165817075381
m;2018-02-14;https://fr.web.img6.acsta.net/pictures/19/02/21/10/42/0074317.jpg;Paris;180;PATRIKIANZ;aphrodisios;10000000
f;2022-04-12;https://api.www.ffr.fr/wp-content/uploads/2019/01/ollivon-charles-1-scaled.jpg;Athis-Mons;150;BOUMEDECHE;diana;10000000
m;1323-03-11;https://i.ebayimg.com/images/g/k5IAAOSwLURe6QL8/s-l300.jpg;Saint-charles;180;"MARQUES CASEIRO";benno;10000000
m;1323-03-11;https://i.ebayimg.com/images/g/k5IAAOSwLURe6QL8/s-l300.jpg;Saint-charles;180;POUARIN;sherman;510942319102855
m;2022-04-08;https://pd.com;Paris;180;TRINCART;mostyn;136659311793699
m;2022-04-08;https://images.app.goo.gl/KuGnhFdWAeUKs9Kd8;Berlin;170;GUENEC;hjörtur;307299077925467
m;;;;;PERCHE;oluwasegun;882845964115331
97993393
m;2022-09-08;https://thispersondoesnotexist.com/image;DRAVEIL;110;SEDDARI;ammiel;384208051398152
f;2022-09-08;https://thispersondoesnotexist.com/image;DRAVEIL;110;FUNK;lora;958881570745906
m;2022-11-08;https://www.cdiscount.com/pdt2/2/8/8/1/700x700/auc9831665486288/rw/lunettes-penis-rigolotes-bite-lunettes-de-soiree-n.jpg;Lyon;115;"AGUAYO PRIETO";giacobbe;821476171346005
m;2022-11-08;https://www.cdiscount.com/pdt2/2/8/8/1/700x700/auc9831665486288/rw/lunettes-penis-rigolotes-bite-lunettes-de-soiree-n.jpg;Lyon;115;DAVYDIK;darrell;941457138465146
m;2022-12-23;https://thispersondoesnotexist.com/image;Evry;180;ZEHNATI;gottfrid;681699088237333
f;2022-12-28;https://thispersondoesnotexist.com/image;hjkgj;230;LAKNAOUI;alanna;477097914186593
